code,name,ip_2015_17,ip_2022_24,D1,D2,D3,D4,rule
ABW,Aruba,0.9797837,1.0619186666666665,US,US,US,US,주권국 NLD
AFG,Afghanistan,-0.7796914999999999,-0.29121855,NON,NON,NON,CN,이념점수
AGO,Angola,-0.7356981333333333,-0.5519519333333333,NON,CN,NON,CN,이념점수
AIA,Anguilla,1.5754553333333334,1.68348,US,US,US,US,주권국 GBR
ALB,Albania,0.9401822666666666,1.0904213333333332,US,US,US,US,이념점수
AND,Andorra,0.8209569999999999,0.7522100666666667,US,US,US,US,이념점수
ANT_F,Former Netherlands Antilles,,,,,NON,,미배정(이념점수 없음)
ARE,United Arab Emirates,-0.6980004333333333,-0.5907382333333334,NON,CN,NON,CN,이념점수
ARG,Argentina,-0.15030103333333333,0.33616389333333335,NON,NON,NON,CN,이념점수
ARM,Armenia,0.1314004,0.04298312333333334,NON,NON,NON,CN,이념점수
ATG,Antigua and Barbuda,-0.47335763333333336,-0.3212736333333333,CN,NON,NON,CN,이념점수
AUS,Australia,1.1784480000000002,1.139881,US,US,US,US,이념점수
AUT,Austria,0.6465001,0.8694332,US,US,US,US,이념점수
AZE,Azerbaijan,-0.6756885333333335,-0.5919561333333333,NON,CN,NON,CN,이념점수
BDI,Burundi,-1.3633553333333335,-0.9783596,NON,CN,NON,CN,이념점수
BEL,Belgium,1.0021509333333334,1.0010151666666667,US,US,US,US,이념점수
BEN,Benin,-0.5464281333333333,-0.2970356,NON,NON,NON,CN,이념점수
BFA,Burkina Faso,-0.5600144333333333,-0.6455194999999999,NON,CN,NON,CN,이념점수
BGD,Bangladesh,-0.8344642333333333,-0.5432481,NON,CN,NON,CN,이념점수
BGR,Bulgaria,0.9458925666666667,1.0743606666666665,US,US,US,US,이념점수
BHR,Bahrain,-0.6974103666666668,-0.6369589,NON,CN,NON,CN,이념점수
BHS,Bahamas,-0.43086889999999994,-0.1506913,CN,NON,NON,CN,이념점수
BIH,Bosnia and Herzegovina,0.7297572666666667,0.7816173000000001,US,US,NON,CN,이념점수
BLR,Belarus,-0.2940984,-0.8528600333333333,CN,CN,CN,CN,이념점수
BLZ,Belize,-0.3797030666666667,-0.28246496666666665,CN,NON,NON,CN,이념점수
BMU,Bermuda,1.5754553333333334,1.68348,US,US,US,US,주권국 GBR
BOL,Bolivia,-1.4265096666666668,-0.9610777,NON,CN,NON,CN,이념점수
BRA,Brazil,-0.45101043333333335,-0.1583278,CN,NON,NON,CN,이념점수
BRB,Barbados,-0.38842233333333337,-0.2099029,CN,NON,NON,CN,이념점수
BRN,Brunei Darussalam,-0.8972394,-0.6874663333333334,NON,CN,NON,CN,이념점수
BTN,Bhutan,-0.5138410333333333,-0.3217331333333333,CN,NON,NON,CN,이념점수
BWA,Botswana,-0.4177005333333333,-0.41369159999999994,CN,NON,NON,CN,이념점수
CAF,Central African Republic,-0.17100347000000002,-0.5047329,CN,NON,NON,CN,이념점수
CAN,Canada,1.5360773333333333,1.2410323333333333,US,US,US,US,이념점수
CHE,Switzerland,0.6224925666666666,0.7065031666666667,US,NON,US,US,이념점수
CHL,Chile,-0.3226474,0.011334853333333332,CN,NON,NON,CN,이념점수
CHN,China (People’s Republic of),-0.3538583,-0.9243845,CN,CN,CN,CN,이념점수
CIV,Côte d’Ivoire,-0.20437134999999998,-0.08129077666666668,CN,NON,NON,CN,이념점수
CMR,Cameroon,0.023414383333333334,-0.1897523,NON,NON,NON,CN,이념점수
COD,Democratic Republic of the Congo,-0.5843854999999999,-0.17140922,NON,NON,NON,CN,이념점수
COG,Congo,-0.7184486,-0.5810614,NON,CN,NON,CN,이념점수
COL,Colombia,-0.1851478666666667,-0.13829871000000002,CN,NON,NON,CN,이념점수
COM,Comoros,-0.6927724666666667,-0.41680226666666664,NON,NON,NON,CN,이념점수
CPV,Cabo Verde,-0.4804394333333333,-0.16337783333333333,CN,NON,NON,CN,이념점수
CRI,Costa Rica,-0.21593476666666667,-0.039062063333333334,CN,NON,NON,CN,이념점수
CUB,Cuba,-1.7336106666666666,-1.2548563333333334,NON,CN,NON,CN,이념점수
CUW,Curaçao,0.9797837,1.0619186666666665,US,US,US,US,주권국 NLD
CYM,Cayman Islands,1.5754553333333334,1.68348,US,US,US,US,주권국 GBR
CYP,Cyprus,0.5876762,0.6916478333333332,NON,NON,US,US,이념점수
CZE,Czechia,1.154028,1.299364,US,US,US,US,이념점수
DEU,Germany,1.1453606666666667,1.1710963333333335,US,US,US,US,이념점수
DJI,Djibouti,-0.696335,-0.5689017,NON,CN,NON,CN,이념점수
DMA,Dominica,-0.42411,-0.32007996666666666,CN,NON,NON,CN,이념점수
DNK,Denmark,1.0437683333333334,1.1067333333333333,US,US,US,US,이념점수
DOM,Dominican Republic,-0.5789292666666667,-0.06624916666666666,NON,NON,NON,CN,이념점수
DZA,Algeria,-1.1389661666666668,-0.9439232,NON,CN,NON,CN,이념점수
ECU,Ecuador,-0.9251215,-0.06220573666666667,NON,NON,NON,CN,이념점수
EGY,Egypt,-1.1245421666666666,-0.7804629333333333,NON,CN,NON,CN,이념점수
ERI,Eritrea,-0.696109,-1.0445325,NON,CN,CN,CN,이념점수
ESP,Spain,1.0209839,0.9546703000000001,US,US,US,US,이념점수
EST,Estonia,1.0430742000000002,1.1598249999999999,US,US,US,US,이념점수
ETH,Ethiopia,-0.532879,-0.7288921666666667,CN,CN,NON,CN,이념점수
FIN,Finland,0.8427886666666667,1.030934,US,US,US,US,이념점수
FJI,Fiji,-0.488815,0.03918734333333334,CN,NON,NON,CN,이념점수
FRA,France,1.3962666666666665,1.3347893333333334,US,US,US,US,이념점수
FRO,Faroe Islands,1.0437683333333334,1.1067333333333333,US,US,US,US,주권국 DNK
FSM,Micronesia,1.5746683333333333,1.2789106666666668,US,US,US,US,이념점수
GAB,Gabon,-0.3366982,-0.4786861,CN,NON,NON,CN,이념점수
GBR,United Kingdom,1.5754553333333334,1.68348,US,US,US,US,이념점수
GEO,Georgia,0.8225578666666666,0.8357500333333334,US,US,NON,CN,이념점수
GHA,Ghana,-0.38067786666666664,-0.3455285666666667,CN,NON,NON,CN,이념점수
GIN,Guinea,-0.7534336333333332,-0.5110325666666666,NON,NON,NON,CN,이념점수
GMB,Gambia,-0.7466617333333333,-0.3821496,NON,NON,NON,CN,이념점수
GNB,Guinea-Bissau,-0.6183201666666667,-0.5406399000000001,NON,CN,NON,CN,이념점수
GNQ,Equatorial Guinea,-0.6188337333333334,-0.6473246,NON,CN,NON,CN,이념점수
GRC,Greece,0.7606954,0.9077533,US,US,US,US,이념점수
GRD,Grenada,-0.5042007000000001,-0.3655812,CN,NON,NON,CN,이념점수
GRL,Greenland,,,,,NON,,미배정(이념점수 없음)
GTM,Guatemala,-0.06418756666666667,0.07718403,NON,NON,NON,CN,이념점수
GUY,Guyana,-0.5979239000000001,-0.2384904,NON,NON,NON,CN,이념점수
HKG,Hong Kong (China),-0.3538583,-0.9243845,CN,CN,CN,CN,주권국 CHN
HND,Honduras,0.03408782333333333,-0.10655344666666666,NON,NON,NON,CN,이념점수
HRV,Croatia,0.9955380333333332,1.1742566666666667,US,US,US,US,이념점수
HTI,Haiti,-0.24070226666666664,-0.17657630000000002,CN,NON,NON,CN,이념점수
HUN,Hungary,1.07299,1.3016416666666668,US,US,US,US,이념점수
IDN,Indonesia,-0.9563705666666666,-0.6983079666666666,NON,CN,NON,CN,이념점수
IND,India,-0.2562878,-0.23993583666666665,CN,NON,NON,CN,이념점수
IRL,Ireland,0.6743555666666667,0.7448035000000001,US,US,US,US,이념점수
IRN,Iran,-1.5344296666666668,-1.508383,NON,NON,NON,CN,이념점수
IRQ,Iraq,-0.9315631999999999,-0.7410327,NON,CN,NON,CN,이념점수
ISL,Iceland,0.8181250666666666,0.9056871666666666,US,US,US,US,이념점수
ISR,Israel,2.2580686666666665,1.9817003333333334,US,US,NON,CN,이념점수
ITA,Italy,0.9150490333333333,1.0839869999999998,US,US,US,US,이념점수
JAM,Jamaica,-0.4218323666666666,-0.22679423333333334,CN,NON,NON,CN,이념점수
JOR,Jordan,-0.7222160999999999,-0.5835573666666667,NON,CN,NON,CN,이념점수
JPN,Japan,0.6434480666666667,0.7461220333333333,US,US,US,US,이념점수
KAZ,Kazakhstan,-0.4946949666666667,-0.601023,CN,CN,NON,CN,이념점수
KEN,Kenya,-0.6756802000000001,-0.4057748666666667,NON,NON,NON,CN,이념점수
KGZ,Kyrgyzstan,-0.6370627666666667,-0.7006946333333334,NON,CN,NON,CN,이념점수
KHM,Cambodia,-0.9054299,-0.4757989,NON,NON,NON,CN,이념점수
KIR,Kiribati,-0.3689303,0.007869469999999998,CN,NON,NON,CN,이념점수
KNA,Saint Kitts and Nevis,-0.4171106,-0.3784940333333333,CN,NON,NON,CN,이념점수
KOR,Korea,0.8596428333333334,0.8938671333333333,US,US,US,US,이념점수
KWT,Kuwait,-0.8635811666666666,-0.5058511666666666,NON,NON,NON,CN,이념점수
LAO,Lao People’s Democratic Republic,-1.0665528333333334,-0.7340412333333334,NON,CN,NON,CN,이념점수
LBN,Lebanon,-0.9956254333333332,-0.7593979000000001,NON,CN,NON,CN,이념점수
LBR,Liberia,-0.18786434666666665,0.5143068333333334,CN,NON,NON,CN,이념점수
LBY,Libya,-0.7860052999999999,-0.6758154666666667,NON,CN,NON,CN,이념점수
LCA,Saint Lucia,-0.5062045333333333,-0.3590358666666667,CN,NON,NON,CN,이념점수
LKA,Sri Lanka,-0.6409970666666668,-0.7183026666666666,NON,CN,NON,CN,이념점수
LSO,Lesotho,-0.6496042333333333,-0.38693323333333335,NON,NON,NON,CN,이념점수
LTU,Lithuania,1.070343,1.2139493333333333,US,US,US,US,이념점수
LUX,Luxembourg,0.9600291,0.9975856666666667,US,US,US,US,이념점수
LVA,Latvia,1.0495780000000001,1.1191673333333334,US,US,US,US,이념점수
MAC,Macau (China),-0.3538583,-0.9243845,CN,CN,CN,CN,주권국 CHN
MAR,Morocco,-0.5001157333333334,-0.4111008333333333,CN,NON,NON,CN,이념점수
MDA,Moldova,0.7770809000000001,0.7924062,US,US,NON,CN,이념점수
MDG,Madagascar,-0.5291436666666667,-0.48325653333333335,CN,NON,NON,CN,이념점수
MDV,Maldives,-0.5967025666666667,-0.39479569999999997,NON,NON,NON,CN,이념점수
MEX,Mexico,-0.09757144333333334,-0.004062555,NON,NON,NON,CN,이념점수
MHL,Marshall Islands,0.7645679,0.7585156999999999,US,US,NON,CN,이념점수
MKD,North Macedonia,0.7716277333333332,0.9539740999999999,US,US,US,US,이념점수
MLI,Mali,-0.5913490666666666,-0.8946063999999999,NON,CN,NON,CN,이념점수
MLT,Malta,0.5939014666666667,0.7224599,NON,NON,US,US,이념점수
MMR,Myanmar,-0.7511341333333333,-0.14111153333333334,NON,NON,NON,CN,이념점수
MNE,Montenegro,0.9114968666666666,0.9765098999999999,US,US,US,US,이념점수
MNG,Mongolia,-0.5170367333333333,-0.5401722999999999,CN,NON,NON,CN,이념점수
MOZ,Mozambique,-0.7516417333333334,-0.5390653333333334,NON,NON,NON,CN,이념점수
MRT,Mauritania,-0.7602200666666666,-0.6068911,NON,CN,NON,CN,이념점수
MSR,Montserrat,1.5754553333333334,1.68348,US,US,US,US,주권국 GBR
MUS,Mauritius,-0.4552439,-0.3378016666666667,CN,NON,NON,CN,이념점수
MWI,Malawi,-0.3776060666666667,0.03473475733333333,CN,NON,NON,CN,이념점수
MYS,Malaysia,-0.6984871,-0.5770731666666666,NON,CN,NON,CN,이념점수
NAM,Namibia,-0.8187065333333333,-0.5785474666666667,NON,CN,NON,CN,이념점수
NCL,New Caledonia,1.3962666666666665,1.3347893333333334,US,US,US,US,주권국 FRA
NER,Niger,-0.6874353333333333,-0.6936469000000001,NON,CN,NON,CN,이념점수
NGA,Nigeria,-0.6947814666666666,-0.5335112,NON,NON,NON,CN,이념점수
NIC,Nicaragua,-1.3430316666666666,-1.5028759999999999,NON,NON,NON,CN,이념점수
NLD,Netherlands,0.9797837,1.0619186666666665,US,US,US,US,이념점수
NOR,Norway,0.8728384333333333,0.8175771666666667,US,US,US,US,이념점수
NPL,Nepal,-0.7042406,-0.3948828,NON,NON,NON,CN,이념점수
NRU,Nauru,0.36493643333333337,0.3036971,NON,NON,NON,CN,이념점수
NZL,New Zealand,0.6015,0.7395707000000001,NON,US,US,US,이념점수
OMN,Oman,-1.0404242000000001,-0.7659853666666666,NON,CN,NON,CN,이념점수
PAK,Pakistan,-0.2726334666666667,-0.43481276666666663,CN,NON,NON,CN,이념점수
PAN,Panama,-0.04717887666666667,0.070299216,NON,NON,NON,CN,이념점수
PER,Peru,-0.18428503333333332,-0.13465226666666666,CN,NON,NON,CN,이념점수
PHL,Philippines,-0.6482465,-0.29314973333333333,NON,NON,NON,CN,이념점수
PLW,Palau,0.8206001,0.5332581333333333,US,NON,NON,CN,이념점수
PNG,Papua New Guinea,-0.18724439999999998,0.22445879999999999,CN,NON,NON,CN,이념점수
POL,Poland,1.0361019999999999,1.1397273333333333,US,US,US,US,이념점수
PRK,Democratic People’s Republic of Korea,-0.4800094,-0.7652716,CN,CN,CN,CN,이념점수
PRT,Portugal,0.8841023333333333,0.9721366666666666,US,US,US,US,이념점수
PRY,Paraguay,-0.021643129666666667,0.028012733333333335,NON,NON,NON,CN,이념점수
PSE,Palestinian Authority or West Bank and Gaza Strip,,,,,NON,,미배정(이념점수 없음)
PYF,French Polynesia,1.3962666666666665,1.3347893333333334,US,US,US,US,주권국 FRA
QAT,Qatar,-0.7733359333333333,-0.45657183333333334,NON,NON,NON,CN,이념점수
ROU,Romania,1.0062194333333334,1.150098,US,US,US,US,이념점수
RUS,Russia,0.13588074,-0.5880415,NON,CN,CN,CN,이념점수
RWA,Rwanda,-0.3481145333333333,-0.24568715666666666,CN,NON,NON,CN,이념점수
SAU,Saudi Arabia,-0.6879218666666667,-0.5811827333333334,NON,CN,NON,CN,이념점수
SCG_F,Former Serbia and Montenegro,,,,,NON,,미배정(이념점수 없음)
SDN,Sudan,-1.3827263333333333,-0.9379162333333334,NON,CN,NON,CN,이념점수
SDN_F,Former Sudan,,,,,NON,,미배정(이념점수 없음)
SEN,Senegal,-0.5955455333333334,-0.5325766666666666,NON,NON,NON,CN,이념점수
SGP,Singapore,-0.6234587333333333,-0.2981044666666666,NON,NON,US,US,이념점수
SLB,Solomon Islands,-0.2748351,-0.32414116666666665,CN,NON,NON,CN,이념점수
SLE,Sierra Leone,-0.4851337333333334,-0.33253293333333334,CN,NON,NON,CN,이념점수
SLV,El Salvador,-0.4856145333333333,-0.3393340333333333,CN,NON,NON,CN,이념점수
SOM,Somalia,-0.5577399,-0.5524213,NON,CN,NON,CN,이념점수
SRB,Serbia,0.46135373333333335,0.38731413333333337,NON,NON,NON,CN,이념점수
SSD,South Sudan,0.24266871,0.10370706333333334,NON,NON,NON,CN,이념점수
STP,Sao Tome and Principe,-0.4591378666666666,-0.22191419999999998,CN,NON,NON,CN,이념점수
SUR,Suriname,-0.6040295,-0.17725973333333334,NON,NON,NON,CN,이념점수
SVK,Slovak Republic,1.0070454333333332,1.1641839999999999,US,US,US,US,이념점수
SVN,Slovenia,0.9737064999999999,0.9427068666666667,US,US,US,US,이념점수
SWE,Sweden,0.6866407666666667,1.060573,US,US,US,US,이념점수
SWZ,Eswatini,-0.6793638333333334,-0.4056476666666667,NON,NON,NON,CN,이념점수
SXM,Sint Maarten,0.9797837,1.0619186666666665,US,US,US,US,주권국 NLD
SYC,Seychelles,-0.5372085,-0.07455872000000001,NON,NON,NON,CN,이념점수
SYR,Syrian Arab Republic,-1.7650366666666668,-1.9323436666666665,NON,NON,CN,CN,이념점수
TCA,Turks and Caicos Islands,1.5754553333333334,1.68348,US,US,US,US,주권국 GBR
TCD,Chad,-0.6004262666666667,-0.396774,NON,NON,NON,CN,이념점수
TGO,Togo,-0.020649673333333333,-0.32892163333333335,NON,NON,NON,CN,이념점수
THA,Thailand,-0.4753342333333333,-0.3536537,CN,NON,NON,CN,이념점수
TJK,Tajikistan,-0.6441112666666666,-0.7155543999999999,NON,CN,NON,CN,이념점수
TKM,Turkmenistan,-0.8412189666666666,-0.7694538333333334,NON,CN,NON,CN,이념점수
TLS,Timor-Leste,-0.3645305333333333,-0.17027013333333332,CN,NON,NON,CN,이념점수
TON,Tonga,0.09079960666666666,0.05660299333333333,NON,NON,NON,CN,이념점수
TTO,Trinidad and Tobago,-0.5612841333333334,-0.38968966666666666,NON,NON,NON,CN,이념점수
TUN,Tunisia,-0.6598297,-0.6070997333333333,NON,CN,NON,CN,이념점수
TUR,Türkiye,0.5799707000000001,0.5215248,NON,NON,NON,CN,이념점수
TUV,Tuvalu,-0.19564552333333332,-0.018426906666666666,CN,NON,NON,CN,이념점수
TWN,Chinese Taipei,,,US,US,US,US,대만 규칙(기준안: 미국 쪽)
TZA,Tanzania,-0.8057822333333333,-0.5122053,NON,NON,NON,CN,이념점수
UGA,Uganda,-1.0132148666666667,-0.6582295,NON,CN,NON,CN,이념점수
UKR,Ukraine,1.0183241666666667,1.1810606666666665,US,US,US,US,이념점수
URY,Uruguay,-0.4401511333333333,0.0338963,CN,NON,NON,CN,이념점수
USA,United States,2.443504,2.232190333333333,US,US,US,US,이념점수
UZB,Uzbekistan,-0.2980276,-0.7350201666666667,CN,CN,NON,CN,이념점수
VCT,Saint Vincent and the Grenadines,-0.5774118666666667,-0.37970623333333337,NON,NON,NON,CN,이념점수
VEN,Venezuela,-1.463106,,NON,,NON,CN,이념점수
VNM,Viet Nam,-1.0406396666666666,-0.7199556,NON,CN,NON,CN,이념점수
VUT,Vanuatu,-0.07453559,-0.11026478,NON,NON,NON,CN,이념점수
WSM,Samoa,-0.08906492579999999,0.03204663666666666,NON,NON,NON,CN,이념점수
WXD,Rest of the world,,,,,NON,,미배정(이념점수 없음)
XKV,Kosovo,,,,,NON,,미배정(이념점수 없음)
YEM,Yemen,-0.7200674333333333,-0.5720671666666667,NON,CN,NON,CN,이념점수
ZAF,South Africa,-0.4835784,-0.4931459333333333,CN,NON,NON,CN,이념점수
ZMB,Zambia,-0.6095988666666666,-0.3611777666666667,NON,NON,NON,CN,이념점수
ZWE,Zimbabwe,-1.675842,-0.9670078000000001,NON,CN,NON,CN,이념점수
